,race_id,meet_date,course_id,distance,gender,racers_in_race,racers_w_prs,percent_prs
0,0,2018-08-13,675,310,b,5,0.0,0.0
1,1,2018-08-13,675,310,g,5,0.0,0.0
2,2,2018-08-17,139,190,b,66,25.0,37.878787878787875
3,3,2018-08-17,139,190,g,62,17.0,27.419354838709676
4,4,2018-08-17,461,200,b,48,20.0,41.66666666666667
5,5,2018-08-17,461,200,g,29,0.0,0.0
6,6,2018-08-17,676,310,b,6,0.0,0.0
7,7,2018-08-17,676,310,g,6,0.0,0.0
8,8,2018-08-18,784,310,b,10,0.0,0.0
9,9,2018-08-18,784,310,g,25,4.0,16.0
10,10,2018-08-18,1501,200,b,40,0.0,0.0
11,11,2018-08-18,1502,310,b,20,0.0,0.0
12,12,2018-08-18,1502,310,g,13,0.0,0.0
13,13,2018-08-21,914,310,g,42,12.0,28.57142857142857
14,14,2018-08-22,9,310,b,35,4.0,11.428571428571429
15,15,2018-08-22,9,310,g,23,3.0,13.043478260869565
16,16,2018-08-22,1352,186,b,33,11.0,33.33333333333333
17,17,2018-08-22,1352,186,g,29,14.0,48.275862068965516
18,18,2018-08-22,1636,300,b,49,0.0,0.0
19,19,2018-08-22,1636,300,g,31,0.0,0.0
20,20,2018-08-23,1396,225,b,36,5.0,13.88888888888889
21,21,2018-08-23,1396,225,g,21,2.0,9.523809523809524
22,22,2018-08-23,1503,310,b,24,7.0,29.166666666666668
23,23,2018-08-23,1503,310,g,17,3.0,17.647058823529413
24,24,2018-08-23,1506,200,b,42,0.0,0.0
25,25,2018-08-23,1506,200,g,30,0.0,0.0
26,26,2018-08-24,458,310,b,32,10.0,31.25
27,27,2018-08-24,458,310,g,22,4.0,18.181818181818183
28,28,2018-08-24,1350,200,g,12,3.0,25.0
29,29,2018-08-24,1351,250,b,12,1.0,8.333333333333332
30,30,2018-08-24,1388,310,b,47,8.0,17.02127659574468
31,31,2018-08-24,1388,310,g,41,7.0,17.073170731707318
32,32,2018-08-24,1416,200,b,113,40.0,35.39823008849557
33,33,2018-08-24,1416,200,g,48,10.0,20.833333333333336
34,34,2018-08-24,1665,186,b,22,4.0,18.181818181818183
35,35,2018-08-24,1665,186,g,5,3.0,60.0
36,36,2018-08-24,1685,255,b,26,7.0,26.923076923076923
37,37,2018-08-24,1685,255,g,13,5.0,38.46153846153847
38,38,2018-08-24,1727,200,g,26,0.0,0.0
39,39,2018-08-24,1728,310,b,16,0.0,0.0
40,40,2018-08-25,225,165,b,37,9.0,24.324324324324326
41,41,2018-08-25,225,165,g,39,8.0,20.51282051282051
42,42,2018-08-25,226,215,b,27,4.0,14.814814814814813
43,43,2018-08-25,322,310,b,28,0.0,0.0
44,44,2018-08-25,322,310,g,9,0.0,0.0
45,45,2018-08-25,589,250,b,225,63.0,28.000000000000004
46,46,2018-08-25,589,250,g,213,51.0,23.943661971830984
47,47,2018-08-25,676,310,b,10,1.0,10.0
48,48,2018-08-25,676,310,g,6,1.0,16.666666666666664
49,49,2018-08-25,792,200,b,26,13.0,50.0
50,50,2018-08-25,792,200,g,33,10.0,30.303030303030305
51,51,2018-08-25,1052,200,b,62,25.0,40.32258064516129
52,52,2018-08-25,1052,200,g,43,14.0,32.55813953488372
53,53,2018-08-25,1753,310,b,21,10.0,47.61904761904761
54,54,2018-08-25,1753,310,g,8,2.0,25.0
55,55,2018-08-28,1493,190,b,3,1.0,33.33333333333333
56,56,2018-08-28,1493,190,g,2,0.0,0.0
57,57,2018-08-28,1494,280,b,4,0.0,0.0
58,58,2018-08-28,1494,280,g,1,0.0,0.0
59,59,2018-08-28,1535,238,b,10,1.0,10.0
60,60,2018-08-28,1536,300,b,18,1.0,5.555555555555555
61,61,2018-08-29,1166,200,b,25,8.0,32.0
62,62,2018-08-29,1166,200,g,30,6.0,20.0
63,63,2018-08-30,6,274,b,17,4.0,23.52941176470588
64,64,2018-08-30,6,274,g,10,1.0,10.0
65,65,2018-08-30,215,300,b,15,3.0,20.0
66,66,2018-08-30,215,300,g,44,4.0,9.090909090909092
67,67,2018-08-30,845,310,b,22,4.0,18.181818181818183
68,68,2018-08-30,845,310,g,14,1.0,7.142857142857142
69,69,2018-08-30,1218,200,b,8,0.0,0.0
70,70,2018-08-30,1218,200,g,8,0.0,0.0
71,71,2018-08-30,1265,210,b,72,16.0,22.22222222222222
72,72,2018-08-30,1265,210,g,30,6.0,20.0
73,73,2018-08-30,1510,310,g,17,4.0,23.52941176470588
74,74,2018-08-31,238,272,b,53,0.0,0.0
75,75,2018-08-31,238,272,g,33,0.0,0.0
76,76,2018-08-31,351,250,b,17,3.0,17.647058823529413
77,77,2018-08-31,351,250,g,13,4.0,30.76923076923077
78,78,2018-08-31,678,310,b,11,2.0,18.181818181818183
79,79,2018-08-31,678,310,g,5,2.0,40.0
80,80,2018-08-31,1190,306,b,192,0.0,0.0
81,81,2018-08-31,1190,306,g,116,0.0,0.0
82,82,2018-08-31,1395,200,b,108,46.0,42.592592592592595
83,83,2018-08-31,1395,200,g,77,16.0,20.77922077922078
84,84,2018-08-31,1397,215,b,81,30.0,37.03703703703704
85,85,2018-08-31,1397,215,g,50,18.0,36.0
86,86,2018-08-31,1725,310,b,8,4.0,50.0
87,87,2018-08-31,1725,310,g,12,10.0,83.33333333333334
88,88,2018-08-31,1726,200,b,27,9.0,33.33333333333333
89,89,2018-08-31,1726,200,g,30,9.0,30.0
90,90,2018-09-01,93,200,b,221,60.0,27.149321266968325
91,91,2018-09-01,93,200,g,90,14.0,15.555555555555555
92,92,2018-09-01,94,300,b,51,8.0,15.686274509803921
93,93,2018-09-01,94,300,g,47,0.0,0.0
94,94,2018-09-01,192,300,b,296,99.0,33.44594594594595
95,95,2018-09-01,192,300,g,296,59.0,19.93243243243243
96,96,2018-09-01,254,300,b,42,10.0,23.809523809523807
97,97,2018-09-01,254,300,g,39,2.0,5.128205128205128
98,98,2018-09-01,416,294,b,10,1.0,10.0
99,99,2018-09-01,416,294,g,10,1.0,10.0
100,100,2018-09-01,459,186,b,60,27.0,45.0
101,101,2018-09-01,459,186,g,42,6.0,14.285714285714285
102,102,2018-09-01,604,200,b,25,0.0,0.0
103,103,2018-09-01,604,200,g,14,0.0,0.0
104,104,2018-09-01,869,250,b,65,17.0,26.153846153846157
105,105,2018-09-01,869,250,g,47,12.0,25.53191489361702
106,106,2018-09-01,1072,141,b,39,1.0,2.564102564102564
107,107,2018-09-01,1072,141,g,64,1.0,1.5625
108,108,2018-09-01,1073,310,b,21,3.0,14.285714285714285
109,109,2018-09-01,1073,310,g,15,1.0,6.666666666666667
110,110,2018-09-01,1150,300,b,31,6.0,19.35483870967742
111,111,2018-09-01,1150,300,g,18,2.0,11.11111111111111
112,112,2018-09-01,1183,300,b,32,0.0,0.0
113,113,2018-09-01,1183,300,g,11,0.0,0.0
114,114,2018-09-01,1184,200,b,31,0.0,0.0
115,115,2018-09-01,1184,200,g,19,0.0,0.0
116,116,2018-09-01,1188,220,b,104,38.0,36.53846153846153
117,117,2018-09-01,1188,220,g,73,17.0,23.28767123287671
118,118,2018-09-01,1401,200,b,86,5.0,5.813953488372093
119,119,2018-09-01,1401,200,g,87,0.0,0.0
120,120,2018-09-01,1518,310,b,10,0.0,0.0
121,121,2018-09-01,1518,310,g,10,0.0,0.0
122,122,2018-09-01,1525,200,g,3,0.0,0.0
123,123,2018-09-01,1526,310,b,9,0.0,0.0
124,124,2018-09-01,1528,300,b,32,12.0,37.5
125,125,2018-09-01,1528,300,g,98,10.0,10.204081632653061
126,126,2018-09-01,1645,310,b,8,0.0,0.0
127,127,2018-09-01,1645,310,g,8,0.0,0.0
128,128,2018-09-01,1667,186,b,8,1.0,12.5
129,129,2018-09-01,1667,186,g,5,1.0,20.0
130,130,2018-09-01,1668,310,b,19,5.0,26.31578947368421
131,131,2018-09-01,1668,310,g,11,5.0,45.45454545454545
132,132,2018-09-01,1699,310,b,11,4.0,36.36363636363637
133,133,2018-09-01,1699,310,g,5,1.0,20.0
134,134,2018-09-01,1736,310,b,1,0.0,0.0
135,135,2018-09-01,1737,210,b,28,9.0,32.142857142857146
136,136,2018-09-01,1738,310,b,24,4.0,16.666666666666664
137,137,2018-09-04,137,200,b,367,108.0,29.427792915531338
138,138,2018-09-04,137,200,g,226,55.0,24.336283185840706
139,139,2018-09-04,175,200,b,3,0.0,0.0
140,140,2018-09-04,175,200,g,1,0.0,0.0
141,141,2018-09-04,1415,200,b,91,44.0,48.35164835164835
142,142,2018-09-04,1415,200,g,61,23.0,37.704918032786885
143,143,2018-09-05,223,200,b,11,0.0,0.0
144,144,2018-09-05,223,200,g,9,0.0,0.0
145,145,2018-09-05,224,310,b,18,0.0,0.0
146,146,2018-09-05,224,310,g,6,0.0,0.0
147,147,2018-09-05,437,305,b,7,5.0,71.42857142857143
148,148,2018-09-05,437,305,g,7,1.0,14.285714285714285
149,149,2018-09-05,460,310,b,22,3.0,13.636363636363635
150,150,2018-09-05,460,310,g,9,1.0,11.11111111111111
151,151,2018-09-05,949,300,b,33,5.0,15.151515151515152
152,152,2018-09-05,949,300,g,16,1.0,6.25
153,153,2018-09-05,1392,210,b,18,2.0,11.11111111111111
154,154,2018-09-05,1392,210,g,5,1.0,20.0
155,155,2018-09-05,1475,300,b,37,5.0,13.513513513513514
156,156,2018-09-05,1475,300,g,31,13.0,41.935483870967744
157,157,2018-09-06,6,274,b,20,8.0,40.0
158,158,2018-09-06,6,274,g,11,1.0,9.090909090909092
159,159,2018-09-06,565,300,b,24,9.0,37.5
160,160,2018-09-06,565,300,g,15,6.0,40.0
161,161,2018-09-06,774,310,b,87,11.0,12.643678160919542
162,162,2018-09-06,774,310,g,44,2.0,4.545454545454546
163,163,2018-09-06,1088,234,b,8,4.0,50.0
164,164,2018-09-06,1088,234,g,11,3.0,27.27272727272727
165,165,2018-09-06,1691,310,b,23,0.0,0.0
166,166,2018-09-06,1691,310,g,12,0.0,0.0
167,167,2018-09-06,1730,300,b,14,0.0,0.0
168,168,2018-09-06,1730,300,g,14,0.0,0.0
169,169,2018-09-07,309,310,b,17,7.0,41.17647058823529
170,170,2018-09-07,362,165,g,50,5.0,10.0
171,171,2018-09-07,365,230,b,79,17.0,21.518987341772153
172,172,2018-09-07,365,230,g,15,1.0,6.666666666666667
173,173,2018-09-07,679,186,b,10,5.0,50.0
174,174,2018-09-07,679,186,g,5,1.0,20.0
175,175,2018-09-07,1267,300,b,543,105.0,19.337016574585636
176,176,2018-09-07,1267,300,g,374,48.0,12.834224598930483
177,177,2018-09-07,1409,306,b,20,12.0,60.0
178,178,2018-09-07,1409,306,g,57,24.0,42.10526315789473
179,179,2018-09-07,1542,300,b,98,0.0,0.0
180,180,2018-09-07,1542,300,g,92,0.0,0.0
181,181,2018-09-08,8,300,b,58,11.0,18.96551724137931
182,182,2018-09-08,8,300,g,68,13.0,19.11764705882353
183,183,2018-09-08,80,293,b,401,89.0,22.194513715710723
184,184,2018-09-08,80,293,g,260,30.0,11.538461538461538
185,185,2018-09-08,81,213,b,489,92.0,18.813905930470348
186,186,2018-09-08,81,213,g,189,35.0,18.51851851851852
187,187,2018-09-08,102,210,b,168,34.0,20.238095238095237
188,188,2018-09-08,102,210,g,73,11.0,15.068493150684931
189,189,2018-09-08,123,200,b,246,63.0,25.609756097560975
190,190,2018-09-08,123,200,g,194,50.0,25.773195876288657
191,191,2018-09-08,214,200,b,77,20.0,25.97402597402597
192,192,2018-09-08,214,200,g,77,12.0,15.584415584415584
193,193,2018-09-08,284,200,b,248,80.0,32.25806451612903
194,194,2018-09-08,284,200,g,164,32.0,19.51219512195122
195,195,2018-09-08,363,300,b,265,96.0,36.22641509433962
196,196,2018-09-08,363,300,g,173,55.0,31.79190751445087
197,197,2018-09-08,832,300,b,9,3.0,33.33333333333333
198,198,2018-09-08,832,300,g,10,5.0,50.0
199,199,2018-09-08,927,310,b,7,4.0,57.14285714285714
200,200,2018-09-08,927,310,g,7,2.0,28.57142857142857
201,201,2018-09-08,1103,300,b,57,17.0,29.82456140350877
202,202,2018-09-08,1103,300,g,22,4.0,18.181818181818183
203,203,2018-09-08,1211,310,g,35,11.0,31.428571428571427
204,204,2018-09-08,1251,300,b,128,35.0,27.34375
205,205,2018-09-08,1251,300,g,74,17.0,22.972972972972975
206,206,2018-09-08,1252,210,b,56,0.0,0.0
207,207,2018-09-08,1252,210,g,10,0.0,0.0
208,208,2018-09-08,1354,310,b,20,3.0,15.0
209,209,2018-09-08,1354,310,g,22,3.0,13.636363636363635
210,210,2018-09-08,1407,300,b,14,4.0,28.57142857142857
211,211,2018-09-08,1407,300,g,14,2.0,14.285714285714285
212,212,2018-09-08,1409,306,b,46,19.0,41.30434782608695
213,213,2018-09-08,1409,306,g,59,15.0,25.423728813559322
214,214,2018-09-08,1484,300,b,7,0.0,0.0
215,215,2018-09-08,1484,300,g,5,1.0,20.0
216,216,2018-09-08,1521,310,g,39,19.0,48.717948717948715
217,217,2018-09-08,1529,200,b,20,8.0,40.0
218,218,2018-09-08,1529,200,g,17,0.0,0.0
219,219,2018-09-08,1530,300,b,18,3.0,16.666666666666664
220,220,2018-09-08,1530,300,g,17,0.0,0.0
221,221,2018-09-08,1543,200,b,20,0.0,0.0
222,222,2018-09-08,1543,200,g,5,0.0,0.0
223,223,2018-09-08,1544,300,b,78,0.0,0.0
224,224,2018-09-08,1544,300,g,50,0.0,0.0
225,225,2018-09-08,1546,300,b,11,0.0,0.0
226,226,2018-09-08,1547,300,b,184,0.0,0.0
227,227,2018-09-08,1547,300,g,92,0.0,0.0
228,228,2018-09-08,1548,150,b,6,0.0,0.0
229,229,2018-09-08,1548,150,g,5,0.0,0.0
230,230,2018-09-08,1549,310,b,18,0.0,0.0
231,231,2018-09-08,1549,310,g,11,0.0,0.0
232,232,2018-09-08,1646,310,b,12,1.0,8.333333333333332
233,233,2018-09-08,1646,310,g,9,0.0,0.0
234,234,2018-09-08,1674,186,b,10,2.0,20.0
235,235,2018-09-08,1675,310,b,19,6.0,31.57894736842105
236,236,2018-09-08,1675,310,g,12,3.0,25.0
237,237,2018-09-08,1708,310,b,2,0.0,0.0
238,238,2018-09-08,1718,200,g,23,4.0,17.391304347826086
239,239,2018-09-08,1719,310,b,22,2.0,9.090909090909092
240,240,2018-09-08,1745,310,b,48,0.0,0.0
241,241,2018-09-08,1745,310,g,38,0.0,0.0
242,242,2018-09-08,1755,310,b,38,0.0,0.0
243,243,2018-09-08,1755,310,g,22,2.0,9.090909090909092
244,244,2018-09-10,1,210,b,131,42.0,32.06106870229007
245,245,2018-09-10,1,210,g,113,19.0,16.8141592920354
246,246,2018-09-11,173,300,b,62,0.0,0.0
247,247,2018-09-11,173,300,g,57,0.0,0.0
248,248,2018-09-11,222,300,b,26,4.0,15.384615384615385
249,249,2018-09-11,222,300,g,7,0.0,0.0
250,250,2018-09-11,764,310,b,81,30.0,37.03703703703704
251,251,2018-09-11,764,310,g,40,10.0,25.0
252,252,2018-09-11,900,310,b,129,29.0,22.48062015503876
253,253,2018-09-11,900,310,g,49,13.0,26.53061224489796
254,254,2018-09-11,902,310,b,23,8.0,34.78260869565217
255,255,2018-09-11,902,310,g,15,3.0,20.0
256,256,2018-09-11,904,310,b,118,21.0,17.796610169491526
257,257,2018-09-11,904,310,g,56,8.0,14.285714285714285
258,258,2018-09-11,912,194,b,13,0.0,0.0
259,259,2018-09-11,912,194,g,3,0.0,0.0
260,260,2018-09-11,1558,310,g,15,0.0,0.0
261,261,2018-09-12,388,300,b,33,9.0,27.27272727272727
262,262,2018-09-12,388,300,g,14,3.0,21.428571428571427
263,263,2018-09-12,431,210,b,44,18.0,40.909090909090914
264,264,2018-09-12,431,210,g,28,10.0,35.714285714285715
265,265,2018-09-12,596,300,b,52,11.0,21.153846153846153
266,266,2018-09-12,596,300,g,33,2.0,6.0606060606060606
267,267,2018-09-12,891,200,b,27,0.0,0.0
268,268,2018-09-12,891,200,g,8,1.0,12.5
269,269,2018-09-12,892,300,b,8,0.0,0.0
270,270,2018-09-12,892,300,g,7,0.0,0.0
271,271,2018-09-12,982,200,b,24,0.0,0.0
272,272,2018-09-12,982,200,g,8,0.0,0.0
273,273,2018-09-12,1254,300,b,30,4.0,13.333333333333334
274,274,2018-09-12,1254,300,g,23,0.0,0.0
275,275,2018-09-12,1260,310,b,15,0.0,0.0
276,276,2018-09-12,1260,310,g,7,0.0,0.0
277,277,2018-09-12,1282,310,b,33,16.0,48.484848484848484
278,278,2018-09-12,1282,310,g,27,7.0,25.925925925925924
279,279,2018-09-12,1559,200,b,6,0.0,0.0
280,280,2018-09-12,1559,200,g,10,0.0,0.0
281,281,2018-09-12,1560,300,b,6,0.0,0.0
282,282,2018-09-12,1560,300,g,5,0.0,0.0
283,283,2018-09-12,1671,310,b,27,5.0,18.51851851851852
284,284,2018-09-12,1671,310,g,11,2.0,18.181818181818183
285,285,2018-09-13,1553,250,b,22,0.0,0.0
286,286,2018-09-13,1553,250,g,30,0.0,0.0
287,287,2018-09-14,375,300,b,19,2.0,10.526315789473683
288,288,2018-09-14,375,300,g,11,1.0,9.090909090909092
289,289,2018-09-14,376,200,b,16,3.0,18.75
290,290,2018-09-14,376,200,g,19,3.0,15.789473684210526
291,291,2018-09-14,1283,300,b,534,174.0,32.58426966292135
292,292,2018-09-14,1283,300,g,384,81.0,21.09375
293,293,2018-09-15,8,300,b,335,98.0,29.253731343283583
294,294,2018-09-15,8,300,g,119,21.0,17.647058823529413
295,295,2018-09-15,11,200,b,485,133.0,27.422680412371136
296,296,2018-09-15,11,200,g,252,49.0,19.444444444444446
297,297,2018-09-15,12,300,b,95,36.0,37.89473684210527
298,298,2018-09-15,12,300,g,89,16.0,17.97752808988764
299,299,2018-09-15,31,310,b,55,0.0,0.0
300,300,2018-09-15,31,310,g,33,0.0,0.0
301,301,2018-09-15,54,310,b,27,0.0,0.0
302,302,2018-09-15,54,310,g,13,1.0,7.6923076923076925
303,303,2018-09-15,86,300,b,266,1.0,0.37593984962406013
304,304,2018-09-15,86,300,g,131,2.0,1.5267175572519083
305,305,2018-09-15,99,300,b,28,9.0,32.142857142857146
306,306,2018-09-15,99,300,g,10,2.0,20.0
307,307,2018-09-15,100,200,b,45,18.0,40.0
308,308,2018-09-15,100,200,g,28,8.0,28.57142857142857
309,309,2018-09-15,101,304,b,24,4.0,16.666666666666664
310,310,2018-09-15,101,304,g,23,2.0,8.695652173913043
311,311,2018-09-15,102,210,b,120,57.0,47.5
312,312,2018-09-15,102,210,g,87,26.0,29.88505747126437
313,313,2018-09-15,164,200,b,118,36.0,30.508474576271187
314,314,2018-09-15,164,200,g,67,14.0,20.8955223880597
315,315,2018-09-15,220,300,b,54,13.0,24.074074074074073
316,316,2018-09-15,220,300,g,49,18.0,36.734693877551024
317,317,2018-09-15,279,275,g,271,54.0,19.92619926199262
318,318,2018-09-15,281,295,b,426,128.0,30.046948356807512
319,319,2018-09-15,675,310,b,10,4.0,40.0
320,320,2018-09-15,675,310,g,4,1.0,25.0
321,321,2018-09-15,803,310,b,83,0.0,0.0
322,322,2018-09-15,803,310,g,41,0.0,0.0
323,323,2018-09-15,903,216,b,40,0.0,0.0
324,324,2018-09-15,903,216,g,6,0.0,0.0
325,325,2018-09-15,904,310,b,103,36.0,34.95145631067961
326,326,2018-09-15,904,310,g,29,6.0,20.689655172413794
327,327,2018-09-15,975,190,b,14,1.0,7.142857142857142
328,328,2018-09-15,975,190,g,16,1.0,6.25
329,329,2018-09-15,1110,310,b,14,6.0,42.857142857142854
330,330,2018-09-15,1110,310,g,15,2.0,13.333333333333334
331,331,2018-09-15,1112,310,b,17,1.0,5.88235294117647
332,332,2018-09-15,1112,310,g,10,0.0,0.0
333,333,2018-09-15,1283,300,b,700,215.0,30.714285714285715
334,334,2018-09-15,1283,300,g,554,135.0,24.368231046931406
335,335,2018-09-15,1284,310,b,48,9.0,18.75
336,336,2018-09-15,1284,310,g,46,7.0,15.217391304347828
337,337,2018-09-15,1406,300,b,30,0.0,0.0
338,338,2018-09-15,1406,300,g,13,0.0,0.0
339,339,2018-09-15,1484,300,g,34,0.0,0.0
340,340,2018-09-15,1532,300,b,84,35.0,41.66666666666667
341,341,2018-09-15,1532,300,g,41,3.0,7.317073170731707
342,342,2018-09-15,1554,186,b,2,0.0,0.0
343,343,2018-09-15,1554,186,g,2,0.0,0.0
344,344,2018-09-15,1566,310,b,8,0.0,0.0
345,345,2018-09-15,1566,310,g,5,0.0,0.0
346,346,2018-09-15,1720,200,g,4,0.0,0.0
347,347,2018-09-15,1721,310,b,22,6.0,27.27272727272727
348,348,2018-09-15,1721,310,g,21,3.0,14.285714285714285
349,349,2018-09-17,495,300,b,25,9.0,36.0
350,350,2018-09-17,495,300,g,22,3.0,13.636363636363635
351,351,2018-09-17,897,310,b,132,16.0,12.121212121212121
352,352,2018-09-17,897,310,g,58,5.0,8.620689655172415
353,353,2018-09-17,937,310,b,18,0.0,0.0
354,354,2018-09-17,937,310,g,35,0.0,0.0
355,355,2018-09-17,1505,310,g,15,5.0,33.33333333333333
356,356,2018-09-17,1513,100,g,10,0.0,0.0
357,357,2018-09-17,1514,310,g,40,6.0,15.0
358,358,2018-09-18,37,233,b,186,32.0,17.20430107526882
359,359,2018-09-18,37,233,g,108,30.0,27.77777777777778
360,360,2018-09-18,132,300,b,13,6.0,46.15384615384615
361,361,2018-09-18,132,300,g,10,2.0,20.0
362,362,2018-09-18,133,200,b,27,4.0,14.814814814814813
363,363,2018-09-18,133,200,g,8,1.0,12.5
364,364,2018-09-18,1561,200,b,20,0.0,0.0
365,365,2018-09-18,1561,200,g,32,0.0,0.0
366,366,2018-09-19,99,300,b,17,2.0,11.76470588235294
367,367,2018-09-19,99,300,g,4,2.0,50.0
368,368,2018-09-19,100,200,b,11,4.0,36.36363636363637
369,369,2018-09-19,100,200,g,12,3.0,25.0
370,370,2018-09-19,101,304,b,18,3.0,16.666666666666664
371,371,2018-09-19,101,304,g,17,1.0,5.88235294117647
372,372,2018-09-19,102,210,b,19,3.0,15.789473684210526
373,373,2018-09-19,102,210,g,6,1.0,16.666666666666664
374,374,2018-09-19,109,310,b,18,0.0,0.0
375,375,2018-09-19,109,310,g,8,0.0,0.0
376,376,2018-09-19,132,300,b,7,0.0,0.0
377,377,2018-09-19,132,300,g,6,2.0,33.33333333333333
378,378,2018-09-19,133,200,b,27,4.0,14.814814814814813
379,379,2018-09-19,133,200,g,6,0.0,0.0
380,380,2018-09-19,230,200,b,11,0.0,0.0
381,381,2018-09-19,230,200,g,4,0.0,0.0
382,382,2018-09-19,437,305,b,23,1.0,4.3478260869565215
383,383,2018-09-19,437,305,g,8,0.0,0.0
384,384,2018-09-19,1562,295,b,97,0.0,0.0
385,385,2018-09-19,1562,295,g,71,0.0,0.0
386,386,2018-09-19,1673,310,b,19,2.0,10.526315789473683
387,387,2018-09-19,1673,310,g,9,1.0,11.11111111111111
388,388,2018-09-20,6,274,b,22,6.0,27.27272727272727
389,389,2018-09-20,6,274,g,20,5.0,25.0
390,390,2018-09-20,8,300,b,28,11.0,39.285714285714285
391,391,2018-09-20,8,300,g,22,3.0,13.636363636363635
392,392,2018-09-20,148,310,b,27,4.0,14.814814814814813
393,393,2018-09-20,148,310,g,20,4.0,20.0
394,394,2018-09-20,213,300,b,9,4.0,44.44444444444444
395,395,2018-09-20,213,300,g,1,0.0,0.0
396,396,2018-09-20,218,300,b,35,7.0,20.0
397,397,2018-09-20,218,300,g,19,1.0,5.263157894736842
398,398,2018-09-20,565,300,b,24,14.0,58.333333333333336
399,399,2018-09-20,565,300,g,16,7.0,43.75
400,400,2018-09-20,744,281,b,20,0.0,0.0
401,401,2018-09-20,744,281,g,28,0.0,0.0
402,402,2018-09-20,768,310,b,61,0.0,0.0
403,403,2018-09-20,768,310,g,23,0.0,0.0
404,404,2018-09-21,9,310,b,96,18.0,18.75
405,405,2018-09-21,9,310,g,75,8.0,10.666666666666668
406,406,2018-09-21,173,300,b,312,80.0,25.64102564102564
407,407,2018-09-21,173,300,g,276,55.0,19.92753623188406
408,408,2018-09-21,309,310,b,120,33.0,27.500000000000004
409,409,2018-09-21,310,250,g,79,15.0,18.9873417721519
410,410,2018-09-21,326,300,b,9,5.0,55.55555555555556
411,411,2018-09-21,326,300,g,37,7.0,18.91891891891892
412,412,2018-09-21,705,310,b,51,9.0,17.647058823529413
413,413,2018-09-21,705,310,g,55,1.0,1.8181818181818181
414,414,2018-09-21,1581,300,g,7,0.0,0.0
415,415,2018-09-21,1677,310,b,30,5.0,16.666666666666664
416,416,2018-09-21,1677,310,g,16,2.0,12.5
417,417,2018-09-22,61,300,b,93,30.0,32.25806451612903
418,418,2018-09-22,61,300,g,36,9.0,25.0
419,419,2018-09-22,62,300,b,704,212.0,30.113636363636363
420,420,2018-09-22,62,300,g,524,110.0,20.99236641221374
421,421,2018-09-22,198,300,b,42,13.0,30.952380952380953
422,422,2018-09-22,198,300,g,23,2.0,8.695652173913043
423,423,2018-09-22,527,310,b,8,0.0,0.0
424,424,2018-09-22,527,310,g,26,0.0,0.0
425,425,2018-09-22,718,200,b,437,49.0,11.212814645308924
426,426,2018-09-22,718,200,g,254,26.0,10.236220472440944
427,427,2018-09-22,819,310,b,178,25.0,14.04494382022472
428,428,2018-09-22,819,310,g,160,15.0,9.375
429,429,2018-09-22,963,300,b,24,20.0,83.33333333333334
430,430,2018-09-22,963,300,g,10,9.0,90.0
431,431,2018-09-22,1119,300,b,36,3.0,8.333333333333332
432,432,2018-09-22,1119,300,g,31,1.0,3.225806451612903
433,433,2018-09-22,1121,310,b,19,0.0,0.0
434,434,2018-09-22,1121,310,g,19,0.0,0.0
435,435,2018-09-22,1128,310,b,33,0.0,0.0
436,436,2018-09-22,1128,310,g,22,0.0,0.0
437,437,2018-09-22,1212,310,g,33,11.0,33.33333333333333
438,438,2018-09-22,1266,210,b,10,0.0,0.0
439,439,2018-09-22,1266,210,g,5,0.0,0.0
440,440,2018-09-22,1300,310,b,10,6.0,60.0
441,441,2018-09-22,1300,310,g,4,1.0,25.0
442,442,2018-09-22,1429,300,b,70,27.0,38.57142857142858
443,443,2018-09-22,1429,300,g,50,11.0,22.0
444,444,2018-09-22,1462,310,b,26,11.0,42.30769230769231
445,445,2018-09-22,1462,310,g,23,11.0,47.82608695652174
446,446,2018-09-22,1511,200,g,7,0.0,0.0
447,447,2018-09-22,1512,310,g,36,8.0,22.22222222222222
448,448,2018-09-22,1538,300,g,35,0.0,0.0
449,449,2018-09-22,1565,310,g,10,0.0,0.0
450,450,2018-09-22,1567,316,b,7,0.0,0.0
451,451,2018-09-22,1567,316,g,4,0.0,0.0
452,452,2018-09-22,1613,310,b,49,15.0,30.612244897959183
453,453,2018-09-22,1613,310,g,16,8.0,50.0
454,454,2018-09-22,1656,310,b,38,0.0,0.0
455,455,2018-09-22,1656,310,g,24,0.0,0.0
456,456,2018-09-22,1723,310,b,15,2.0,13.333333333333334
457,457,2018-09-22,1723,310,g,13,9.0,69.23076923076923
458,458,2018-09-22,1760,310,b,35,0.0,0.0
459,459,2018-09-22,1760,310,g,23,0.0,0.0
460,460,2018-09-25,1,210,b,342,99.0,28.947368421052634
461,461,2018-09-25,1,210,g,207,75.0,36.231884057971016
462,462,2018-09-25,61,300,b,50,9.0,18.0
463,463,2018-09-25,61,300,g,36,3.0,8.333333333333332
464,464,2018-09-25,366,300,b,142,48.0,33.80281690140845
465,465,2018-09-25,366,300,g,128,23.0,17.96875
466,466,2018-09-25,548,295,b,37,5.0,13.513513513513514
467,467,2018-09-25,548,295,g,21,5.0,23.809523809523807
468,468,2018-09-25,900,310,b,98,67.0,68.36734693877551
469,469,2018-09-25,900,310,g,24,14.0,58.333333333333336
470,470,2018-09-25,1119,300,b,19,4.0,21.052631578947366
471,471,2018-09-25,1119,300,g,16,1.0,6.25
472,472,2018-09-25,1132,301,b,155,35.0,22.58064516129032
473,473,2018-09-25,1132,301,g,111,10.0,9.00900900900901
474,474,2018-09-25,1424,310,b,79,0.0,0.0
475,475,2018-09-26,101,304,b,58,8.0,13.793103448275861
476,476,2018-09-26,101,304,g,40,4.0,10.0
477,477,2018-09-26,102,210,b,53,13.0,24.528301886792452
478,478,2018-09-26,102,210,g,35,6.0,17.142857142857142
479,479,2018-09-26,123,200,b,131,19.0,14.50381679389313
480,480,2018-09-26,123,200,g,69,9.0,13.043478260869565
481,481,2018-09-26,147,300,b,20,0.0,0.0
482,482,2018-09-26,147,300,g,19,0.0,0.0
483,483,2018-09-26,215,300,b,18,4.0,22.22222222222222
484,484,2018-09-26,215,300,g,47,5.0,10.638297872340425
485,485,2018-09-26,223,200,b,12,6.0,50.0
486,486,2018-09-26,223,200,g,14,7.0,50.0
487,487,2018-09-26,224,310,b,18,5.0,27.77777777777778
488,488,2018-09-26,224,310,g,3,3.0,100.0
489,489,2018-09-26,253,300,b,93,34.0,36.55913978494624
490,490,2018-09-26,253,300,g,48,15.0,31.25
491,491,2018-09-26,434,275,b,27,0.0,0.0
492,492,2018-09-26,434,275,g,12,0.0,0.0
493,493,2018-09-26,460,310,b,23,11.0,47.82608695652174
494,494,2018-09-26,460,310,g,11,4.0,36.36363636363637
495,495,2018-09-26,660,300,b,38,16.0,42.10526315789473
496,496,2018-09-26,660,300,g,27,13.0,48.148148148148145
497,497,2018-09-26,724,300,b,69,27.0,39.130434782608695
498,498,2018-09-26,724,300,g,20,2.0,10.0
499,499,2018-09-26,741,275,g,27,6.0,22.22222222222222
500,500,2018-09-26,845,310,b,31,8.0,25.806451612903224
501,501,2018-09-26,845,310,g,14,9.0,64.28571428571429
502,502,2018-09-26,891,200,b,29,0.0,0.0
503,503,2018-09-26,891,200,g,7,0.0,0.0
504,504,2018-09-26,892,300,b,7,0.0,0.0
505,505,2018-09-26,892,300,g,7,0.0,0.0
506,506,2018-09-26,948,300,b,149,17.0,11.409395973154362
507,507,2018-09-26,948,300,g,54,3.0,5.555555555555555
508,508,2018-09-26,987,300,b,28,0.0,0.0
509,509,2018-09-26,987,300,g,17,0.0,0.0
510,510,2018-09-26,1038,310,b,8,0.0,0.0
511,511,2018-09-26,1038,310,g,1,0.0,0.0
512,512,2018-09-26,1039,200,b,9,0.0,0.0
513,513,2018-09-26,1039,200,g,2,0.0,0.0
514,514,2018-09-26,1129,300,b,11,5.0,45.45454545454545
515,515,2018-09-26,1129,300,g,7,3.0,42.857142857142854
516,516,2018-09-26,1130,200,b,26,3.0,11.538461538461538
517,517,2018-09-26,1130,200,g,7,0.0,0.0
518,518,2018-09-26,1265,210,b,43,8.0,18.6046511627907
519,519,2018-09-26,1265,210,g,23,3.0,13.043478260869565
520,520,2018-09-26,1431,300,b,54,24.0,44.44444444444444
521,521,2018-09-26,1431,300,g,56,6.0,10.714285714285714
522,522,2018-09-26,1432,192,b,100,20.0,20.0
523,523,2018-09-26,1432,192,g,71,8.0,11.267605633802818
524,524,2018-09-26,1568,200,b,13,0.0,0.0
525,525,2018-09-26,1568,200,g,16,0.0,0.0
526,526,2018-09-26,1569,300,b,16,0.0,0.0
527,527,2018-09-26,1569,300,g,14,0.0,0.0
528,528,2018-09-26,1570,300,b,18,0.0,0.0
529,529,2018-09-26,1570,300,g,9,0.0,0.0
530,530,2018-09-26,1571,310,b,34,0.0,0.0
531,531,2018-09-26,1571,310,g,18,0.0,0.0
532,532,2018-09-26,1692,210,b,6,0.0,0.0
533,533,2018-09-26,1697,310,b,9,1.0,11.11111111111111
534,534,2018-09-26,1697,310,g,6,0.0,0.0
535,535,2018-09-27,6,274,b,22,18.0,81.81818181818183
536,536,2018-09-27,6,274,g,15,11.0,73.33333333333333
537,537,2018-09-27,187,300,b,25,11.0,44.0
538,538,2018-09-27,187,300,g,23,10.0,43.47826086956522
539,539,2018-09-27,315,240,g,36,0.0,0.0
540,540,2018-09-27,316,310,b,77,14.0,18.181818181818183
541,541,2018-09-27,316,310,g,22,4.0,18.181818181818183
542,542,2018-09-27,487,300,b,18,0.0,0.0
543,543,2018-09-27,487,300,g,7,0.0,0.0
544,544,2018-09-27,488,200,b,5,0.0,0.0
545,545,2018-09-27,488,200,g,3,0.0,0.0
546,546,2018-09-27,724,300,b,29,4.0,13.793103448275861
547,547,2018-09-27,724,300,g,7,0.0,0.0
548,548,2018-09-27,832,300,b,12,8.0,66.66666666666666
549,549,2018-09-27,832,300,g,11,5.0,45.45454545454545
550,550,2018-09-27,1132,301,b,38,9.0,23.684210526315788
551,551,2018-09-27,1132,301,g,35,13.0,37.142857142857146
552,552,2018-09-27,1572,310,b,38,0.0,0.0
553,553,2018-09-27,1572,310,g,19,0.0,0.0
554,554,2018-09-27,1573,291,b,176,0.0,0.0
555,555,2018-09-27,1573,291,g,154,0.0,0.0
556,556,2018-09-28,118,200,b,99,4.0,4.040404040404041
557,557,2018-09-28,118,200,g,25,4.0,16.0
558,558,2018-09-28,309,310,b,30,6.0,20.0
559,559,2018-09-28,310,250,g,18,7.0,38.88888888888889
560,560,2018-09-28,330,300,b,65,0.0,0.0
561,561,2018-09-28,330,300,g,42,1.0,2.380952380952381
562,562,2018-09-28,555,310,b,50,12.0,24.0
563,563,2018-09-28,556,254,g,25,6.0,24.0
564,564,2018-09-28,988,310,b,32,12.0,37.5
565,565,2018-09-28,988,310,g,22,2.0,9.090909090909092
566,566,2018-09-28,1614,310,b,44,0.0,0.0
567,567,2018-09-29,3,310,b,308,35.0,11.363636363636363
568,568,2018-09-29,3,310,g,252,23.0,9.126984126984127
569,569,2018-09-29,53,310,b,16,0.0,0.0
570,570,2018-09-29,53,310,g,16,0.0,0.0
571,571,2018-09-29,136,295,b,142,35.0,24.647887323943664
572,572,2018-09-29,136,295,g,82,23.0,28.04878048780488
573,573,2018-09-29,188,300,b,19,0.0,0.0
574,574,2018-09-29,188,300,g,15,0.0,0.0
575,575,2018-09-29,215,300,b,32,14.0,43.75
576,576,2018-09-29,215,300,g,14,3.0,21.428571428571427
577,577,2018-09-29,344,310,b,252,62.0,24.6031746031746
578,578,2018-09-29,344,310,g,170,25.0,14.705882352941178
579,579,2018-09-29,416,294,b,14,4.0,28.57142857142857
580,580,2018-09-29,416,294,g,33,1.0,3.0303030303030303
581,581,2018-09-29,428,310,b,23,3.0,13.043478260869565
582,582,2018-09-29,428,310,g,17,2.0,11.76470588235294
583,583,2018-09-29,447,310,b,21,0.0,0.0
584,584,2018-09-29,447,310,g,12,0.0,0.0
585,585,2018-09-29,608,186,g,2,0.0,0.0
586,586,2018-09-29,676,310,b,2,1.0,50.0
587,587,2018-09-29,1137,310,b,130,21.0,16.153846153846153
588,588,2018-09-29,1137,310,g,117,27.0,23.076923076923077
589,589,2018-09-29,1355,310,b,13,2.0,15.384615384615385
590,590,2018-09-29,1355,310,g,18,2.0,11.11111111111111
591,591,2018-09-29,1360,310,b,17,11.0,64.70588235294117
592,592,2018-09-29,1360,310,g,20,10.0,50.0
593,593,2018-09-29,1361,200,g,10,0.0,0.0
594,594,2018-09-29,1441,310,b,40,19.0,47.5
595,595,2018-09-29,1441,310,g,40,7.0,17.5
596,596,2018-09-29,1442,310,b,47,6.0,12.76595744680851
597,597,2018-09-29,1442,310,g,27,1.0,3.7037037037037033
598,598,2018-09-29,1453,260,b,42,2.0,4.761904761904762
599,599,2018-09-29,1453,260,g,22,0.0,0.0
600,600,2018-09-29,1484,300,b,14,7.0,50.0
601,601,2018-09-29,1484,300,g,14,6.0,42.857142857142854
602,602,2018-09-29,1488,300,b,3,0.0,0.0
603,603,2018-09-29,1488,300,g,1,0.0,0.0
604,604,2018-09-29,1533,200,b,16,0.0,0.0
605,605,2018-09-29,1533,200,g,17,3.0,17.647058823529413
606,606,2018-09-29,1534,300,b,46,11.0,23.91304347826087
607,607,2018-09-29,1534,300,g,20,2.0,10.0
608,608,2018-09-29,1574,300,b,10,0.0,0.0
609,609,2018-09-29,1574,300,g,11,0.0,0.0
610,610,2018-09-29,1576,240,b,361,0.0,0.0
611,611,2018-09-29,1576,240,g,98,0.0,0.0
612,612,2018-09-29,1577,310,g,7,0.0,0.0
613,613,2018-09-29,1579,200,b,393,0.0,0.0
614,614,2018-09-29,1579,200,g,254,0.0,0.0
615,615,2018-09-29,1638,300,g,7,0.0,0.0
616,616,2018-09-29,1639,300,g,28,0.0,0.0
617,617,2018-09-29,1647,310,b,11,1.0,9.090909090909092
618,618,2018-09-29,1647,310,g,10,0.0,0.0
619,619,2018-09-29,1763,310,b,9,0.0,0.0
620,620,2018-09-29,1763,310,g,8,0.0,0.0
621,621,2018-10-01,709,260,b,35,18.0,51.42857142857142
622,622,2018-10-01,709,260,g,17,6.0,35.294117647058826
623,623,2018-10-02,5,295,b,352,86.0,24.431818181818183
624,624,2018-10-02,5,295,g,200,46.0,23.0
625,625,2018-10-02,47,300,b,229,25.0,10.91703056768559
626,626,2018-10-02,47,300,g,187,14.0,7.4866310160427805
627,627,2018-10-02,184,300,b,29,12.0,41.37931034482759
628,628,2018-10-02,184,300,g,4,0.0,0.0
629,629,2018-10-02,514,310,b,362,153.0,42.26519337016575
630,630,2018-10-02,514,310,g,129,48.0,37.2093023255814
631,631,2018-10-02,902,310,b,53,17.0,32.075471698113205
632,632,2018-10-02,912,194,b,133,22.0,16.541353383458645
633,633,2018-10-02,912,194,g,11,5.0,45.45454545454545
634,634,2018-10-02,1151,300,b,59,18.0,30.508474576271187
635,635,2018-10-02,1151,300,g,55,5.0,9.090909090909092
636,636,2018-10-02,1407,300,b,21,14.0,66.66666666666666
637,637,2018-10-02,1407,300,g,17,12.0,70.58823529411765
638,638,2018-10-02,1580,270,b,48,0.0,0.0
639,639,2018-10-02,1580,270,g,28,0.0,0.0
640,640,2018-10-03,5,295,b,73,12.0,16.43835616438356
641,641,2018-10-03,5,295,g,42,6.0,14.285714285714285
642,642,2018-10-03,220,300,b,53,23.0,43.39622641509434
643,643,2018-10-03,220,300,g,27,12.0,44.44444444444444
644,644,2018-10-03,403,310,b,26,0.0,0.0
645,645,2018-10-03,403,310,g,7,0.0,0.0
646,646,2018-10-03,404,200,b,23,0.0,0.0
647,647,2018-10-03,404,200,g,14,0.0,0.0
648,648,2018-10-03,780,310,b,14,6.0,42.857142857142854
649,649,2018-10-03,780,310,g,14,7.0,50.0
650,650,2018-10-03,813,300,b,20,13.0,65.0
651,651,2018-10-03,813,300,g,18,9.0,50.0
652,652,2018-10-03,975,190,b,59,23.0,38.983050847457626
653,653,2018-10-03,975,190,g,40,12.0,30.0
654,654,2018-10-03,1030,310,b,44,10.0,22.727272727272727
655,655,2018-10-03,1030,310,g,5,1.0,20.0
656,656,2018-10-03,1031,250,g,11,0.0,0.0
657,657,2018-10-03,1169,310,b,29,0.0,0.0
658,658,2018-10-03,1169,310,g,19,0.0,0.0
659,659,2018-10-03,1581,300,b,52,0.0,0.0
660,660,2018-10-03,1581,300,g,35,0.0,0.0
661,661,2018-10-03,1583,300,b,26,0.0,0.0
662,662,2018-10-03,1583,300,g,22,0.0,0.0
663,663,2018-10-03,1697,310,b,11,0.0,0.0
664,664,2018-10-03,1697,310,g,1,0.0,0.0
665,665,2018-10-04,5,295,b,45,15.0,33.33333333333333
666,666,2018-10-04,5,295,g,25,8.0,32.0
667,667,2018-10-04,495,300,b,50,11.0,22.0
668,668,2018-10-04,495,300,g,24,6.0,25.0
669,669,2018-10-04,596,300,b,113,27.0,23.893805309734514
670,670,2018-10-04,596,300,g,86,27.0,31.3953488372093
671,671,2018-10-04,1017,310,b,79,0.0,0.0
672,672,2018-10-04,1017,310,g,42,0.0,0.0
673,673,2018-10-04,1331,290,b,28,2.0,7.142857142857142
674,674,2018-10-04,1331,290,g,25,1.0,4.0
675,675,2018-10-04,1504,310,g,16,4.0,25.0
676,676,2018-10-05,555,310,b,52,30.0,57.692307692307686
677,677,2018-10-05,556,254,g,33,14.0,42.42424242424242
678,678,2018-10-05,781,310,b,6,3.0,50.0
679,679,2018-10-05,781,310,g,10,1.0,10.0
680,680,2018-10-05,1520,310,g,31,7.0,22.58064516129032
681,681,2018-10-05,1597,250,g,9,0.0,0.0
682,682,2018-10-05,1598,310,b,11,0.0,0.0
683,683,2018-10-05,1653,310,b,7,0.0,0.0
684,684,2018-10-05,1653,310,g,7,0.0,0.0
685,685,2018-10-05,1681,310,b,21,0.0,0.0
686,686,2018-10-05,1681,310,g,9,0.0,0.0
687,687,2018-10-06,5,295,b,414,135.0,32.608695652173914
688,688,2018-10-06,5,295,g,162,40.0,24.691358024691358
689,689,2018-10-06,9,310,b,575,217.0,37.73913043478261
690,690,2018-10-06,9,310,g,444,123.0,27.7027027027027
691,691,2018-10-06,37,233,b,81,23.0,28.39506172839506
692,692,2018-10-06,37,233,g,56,16.0,28.57142857142857
693,693,2018-10-06,316,310,b,120,73.0,60.83333333333333
694,694,2018-10-06,316,310,g,75,16.0,21.333333333333336
695,695,2018-10-06,324,310,b,54,5.0,9.25925925925926
696,696,2018-10-06,324,310,g,30,2.0,6.666666666666667
697,697,2018-10-06,325,200,b,31,0.0,0.0
698,698,2018-10-06,325,200,g,3,0.0,0.0
699,699,2018-10-06,329,310,b,7,0.0,0.0
700,700,2018-10-06,424,310,b,29,9.0,31.03448275862069
701,701,2018-10-06,424,310,g,12,6.0,50.0
702,702,2018-10-06,905,248,b,46,0.0,0.0
703,703,2018-10-06,905,248,g,12,0.0,0.0
704,704,2018-10-06,906,310,b,171,73.0,42.69005847953216
705,705,2018-10-06,906,310,g,115,22.0,19.130434782608695
706,706,2018-10-06,950,300,b,50,0.0,0.0
707,707,2018-10-06,950,300,g,24,0.0,0.0
708,708,2018-10-06,1132,301,b,338,138.0,40.828402366863905
709,709,2018-10-06,1132,301,g,175,56.0,32.0
710,710,2018-10-06,1357,310,b,27,6.0,22.22222222222222
711,711,2018-10-06,1357,310,g,30,6.0,20.0
712,712,2018-10-06,1587,310,b,7,0.0,0.0
713,713,2018-10-06,1587,310,g,7,0.0,0.0
714,714,2018-10-06,1696,310,b,22,0.0,0.0
715,715,2018-10-06,1696,310,g,8,0.0,0.0
716,716,2018-10-06,1708,310,b,1,1.0,100.0
717,717,2018-10-06,1708,310,g,2,0.0,0.0
718,718,2018-10-06,1764,295,b,28,0.0,0.0
719,719,2018-10-06,1764,295,g,18,0.0,0.0
720,720,2018-10-09,408,300,b,20,9.0,45.0
721,721,2018-10-09,408,300,g,16,5.0,31.25
722,722,2018-10-09,437,305,b,8,7.0,87.5
723,723,2018-10-09,437,305,g,11,4.0,36.36363636363637
724,724,2018-10-09,900,310,b,151,29.0,19.205298013245034
725,725,2018-10-09,900,310,g,70,10.0,14.285714285714285
726,726,2018-10-09,937,310,b,31,0.0,0.0
727,727,2018-10-09,937,310,g,17,0.0,0.0
728,728,2018-10-09,1309,310,b,69,11.0,15.942028985507244
729,729,2018-10-09,1309,310,g,39,6.0,15.384615384615385
730,730,2018-10-09,1360,310,b,32,7.0,21.875
731,731,2018-10-09,1360,310,g,39,6.0,15.384615384615385
732,732,2018-10-09,1424,310,b,43,34.0,79.06976744186046
733,733,2018-10-09,1424,310,g,17,0.0,0.0
734,734,2018-10-09,1580,270,b,57,0.0,0.0
735,735,2018-10-09,1592,210,b,27,0.0,0.0
736,736,2018-10-09,1592,210,g,20,0.0,0.0
737,737,2018-10-10,102,210,b,72,25.0,34.72222222222222
738,738,2018-10-10,102,210,g,36,12.0,33.33333333333333
739,739,2018-10-10,191,300,b,31,9.0,29.03225806451613
740,740,2018-10-10,191,300,g,20,2.0,10.0
741,741,2018-10-10,204,300,b,70,21.0,30.0
742,742,2018-10-10,204,300,g,47,5.0,10.638297872340425
743,743,2018-10-10,326,300,b,136,54.0,39.705882352941174
744,744,2018-10-10,326,300,g,46,15.0,32.608695652173914
745,745,2018-10-10,437,305,b,25,12.0,48.0
746,746,2018-10-10,437,305,g,12,7.0,58.333333333333336
747,747,2018-10-10,441,295,b,25,1.0,4.0
748,748,2018-10-10,441,295,g,10,1.0,10.0
749,749,2018-10-10,549,290,b,101,33.0,32.67326732673268
750,750,2018-10-10,549,290,g,67,10.0,14.925373134328357
751,751,2018-10-10,1030,310,b,38,20.0,52.63157894736842
752,752,2018-10-10,1031,250,g,9,5.0,55.55555555555556
753,753,2018-10-10,1338,300,b,27,6.0,22.22222222222222
754,754,2018-10-10,1338,300,g,24,4.0,16.666666666666664
755,755,2018-10-10,1454,300,b,97,42.0,43.29896907216495
756,756,2018-10-10,1454,300,g,55,21.0,38.18181818181819
757,757,2018-10-10,1568,200,b,17,10.0,58.82352941176471
758,758,2018-10-10,1568,200,g,22,16.0,72.72727272727273
759,759,2018-10-10,1569,300,b,18,13.0,72.22222222222221
760,760,2018-10-10,1569,300,g,11,9.0,81.81818181818183
761,761,2018-10-10,1593,250,b,184,0.0,0.0
762,762,2018-10-10,1593,250,g,100,0.0,0.0
763,763,2018-10-10,1697,310,b,5,0.0,0.0
764,764,2018-10-10,1697,310,g,2,0.0,0.0
765,765,2018-10-11,6,274,b,24,15.0,62.5
766,766,2018-10-11,6,274,g,12,11.0,91.66666666666666
767,767,2018-10-11,68,310,b,25,8.0,32.0
768,768,2018-10-11,68,310,g,13,2.0,15.384615384615385
769,769,2018-10-11,88,265,b,20,4.0,20.0
770,770,2018-10-11,88,265,g,21,0.0,0.0
771,771,2018-10-11,215,300,b,36,19.0,52.77777777777778
772,772,2018-10-11,215,300,g,15,8.0,53.333333333333336
773,773,2018-10-11,976,300,b,12,0.0,0.0
774,774,2018-10-11,976,300,g,7,1.0,14.285714285714285
775,775,2018-10-11,1082,200,b,24,4.0,16.666666666666664
776,776,2018-10-11,1082,200,g,6,0.0,0.0
777,777,2018-10-11,1302,310,b,38,0.0,0.0
778,778,2018-10-11,1302,310,g,35,8.0,22.857142857142858
779,779,2018-10-11,1456,300,b,13,5.0,38.46153846153847
780,780,2018-10-11,1456,300,g,13,3.0,23.076923076923077
781,781,2018-10-11,1514,310,g,32,17.0,53.125
782,782,2018-10-11,1595,189,b,7,0.0,0.0
783,783,2018-10-11,1595,189,g,3,0.0,0.0
784,784,2018-10-11,1596,310,b,7,0.0,0.0
785,785,2018-10-11,1596,310,g,7,0.0,0.0
786,786,2018-10-11,1600,310,g,17,0.0,0.0
787,787,2018-10-11,1610,110,g,10,0.0,0.0
788,788,2018-10-11,1655,310,b,7,0.0,0.0
789,789,2018-10-11,1655,310,g,7,0.0,0.0
790,790,2018-10-12,9,310,b,122,43.0,35.24590163934426
791,791,2018-10-12,9,310,g,99,20.0,20.2020202020202
792,792,2018-10-12,16,300,b,35,8.0,22.857142857142858
793,793,2018-10-12,16,300,g,47,10.0,21.27659574468085
794,794,2018-10-12,134,210,b,118,18.0,15.254237288135593
795,795,2018-10-12,134,210,g,90,8.0,8.88888888888889
796,796,2018-10-12,309,310,b,12,4.0,33.33333333333333
797,797,2018-10-12,555,310,b,55,48.0,87.27272727272727
798,798,2018-10-12,556,254,g,38,20.0,52.63157894736842
799,799,2018-10-12,1457,300,b,124,51.0,41.12903225806452
800,800,2018-10-12,1457,300,g,122,32.0,26.229508196721312
801,801,2018-10-13,8,300,b,126,42.0,33.33333333333333
802,802,2018-10-13,8,300,g,56,14.0,25.0
803,803,2018-10-13,127,210,b,84,33.0,39.285714285714285
804,804,2018-10-13,127,210,g,23,0.0,0.0
805,805,2018-10-13,140,300,b,24,1.0,4.166666666666666
806,806,2018-10-13,140,300,g,13,1.0,7.6923076923076925
807,807,2018-10-13,158,230,b,159,4.0,2.515723270440252
808,808,2018-10-13,158,230,g,103,1.0,0.9708737864077669
809,809,2018-10-13,160,310,b,152,6.0,3.9473684210526314
810,810,2018-10-13,160,310,g,93,2.0,2.1505376344086025
811,811,2018-10-13,172,300,b,99,27.0,27.27272727272727
812,812,2018-10-13,172,300,g,55,6.0,10.909090909090908
813,813,2018-10-13,220,300,b,255,121.0,47.45098039215686
814,814,2018-10-13,220,300,g,207,46.0,22.22222222222222
815,815,2018-10-13,379,250,b,9,0.0,0.0
816,816,2018-10-13,379,250,g,5,0.0,0.0
817,817,2018-10-13,699,250,b,23,7.0,30.434782608695656
818,818,2018-10-13,699,250,g,13,2.0,15.384615384615385
819,819,2018-10-13,1119,300,b,277,54.0,19.494584837545126
820,820,2018-10-13,1119,300,g,151,15.0,9.933774834437086
821,821,2018-10-13,1214,310,b,45,25.0,55.55555555555556
822,822,2018-10-13,1214,310,g,49,23.0,46.93877551020408
823,823,2018-10-13,1358,310,b,25,9.0,36.0
824,824,2018-10-13,1358,310,g,28,3.0,10.714285714285714
825,825,2018-10-13,1403,300,b,32,7.0,21.875
826,826,2018-10-13,1403,300,g,23,4.0,17.391304347826086
827,827,2018-10-13,1457,300,b,236,58.0,24.576271186440678
828,828,2018-10-13,1457,300,g,169,41.0,24.2603550295858
829,829,2018-10-13,1601,300,b,35,0.0,0.0
830,830,2018-10-13,1601,300,g,26,0.0,0.0
831,831,2018-10-13,1641,305,b,51,0.0,0.0
832,832,2018-10-13,1641,305,g,39,0.0,0.0
833,833,2018-10-13,1648,300,b,11,0.0,0.0
834,834,2018-10-13,1648,300,g,9,0.0,0.0
835,835,2018-10-13,1746,200,b,16,0.0,0.0
836,836,2018-10-13,1747,300,b,41,0.0,0.0
837,837,2018-10-13,1747,300,g,44,0.0,0.0
838,838,2018-10-13,1759,310,b,39,14.0,35.8974358974359
839,839,2018-10-13,1759,310,g,23,5.0,21.73913043478261
840,840,2018-10-15,502,300,b,367,109.0,29.70027247956403
841,841,2018-10-15,502,300,g,129,24.0,18.6046511627907
842,842,2018-10-16,148,310,b,41,9.0,21.951219512195124
843,843,2018-10-16,148,310,g,19,3.0,15.789473684210526
844,844,2018-10-16,215,300,b,19,6.0,31.57894736842105
845,845,2018-10-16,215,300,g,40,16.0,40.0
846,846,2018-10-16,592,200,b,12,0.0,0.0
847,847,2018-10-16,592,200,g,5,0.0,0.0
848,848,2018-10-16,637,310,b,66,14.0,21.21212121212121
849,849,2018-10-16,637,310,g,38,13.0,34.21052631578947
850,850,2018-10-16,906,310,b,291,84.0,28.865979381443296
851,851,2018-10-16,906,310,g,119,52.0,43.69747899159664
852,852,2018-10-16,1602,300,b,19,0.0,0.0
853,853,2018-10-16,1602,300,g,8,0.0,0.0
854,854,2018-10-16,1603,200,b,14,0.0,0.0
855,855,2018-10-16,1635,300,b,21,0.0,0.0
856,856,2018-10-16,1635,300,g,18,0.0,0.0
857,857,2018-10-16,1687,310,b,14,2.0,14.285714285714285
858,858,2018-10-16,1687,310,g,5,1.0,20.0
859,859,2018-10-17,6,274,b,19,14.0,73.68421052631578
860,860,2018-10-17,6,274,g,12,6.0,50.0
861,861,2018-10-17,8,300,b,27,16.0,59.25925925925925
862,862,2018-10-17,8,300,g,20,11.0,55.00000000000001
863,863,2018-10-17,213,300,b,74,25.0,33.78378378378378
864,864,2018-10-17,213,300,g,53,8.0,15.09433962264151
865,865,2018-10-17,460,310,b,55,22.0,40.0
866,866,2018-10-17,460,310,g,29,6.0,20.689655172413794
867,867,2018-10-17,514,310,b,349,126.0,36.10315186246418
868,868,2018-10-17,514,310,g,185,42.0,22.702702702702705
869,869,2018-10-17,705,310,b,22,16.0,72.72727272727273
870,870,2018-10-17,705,310,g,15,9.0,60.0
871,871,2018-10-17,781,310,b,32,9.0,28.125
872,872,2018-10-17,781,310,g,26,5.0,19.230769230769234
873,873,2018-10-17,1460,199,b,107,36.0,33.64485981308411
874,874,2018-10-17,1460,199,g,30,4.0,13.333333333333334
875,875,2018-10-17,1582,310,b,26,2.0,7.6923076923076925
876,876,2018-10-17,1582,310,g,21,1.0,4.761904761904762
877,877,2018-10-17,1604,200,b,60,0.0,0.0
878,878,2018-10-17,1604,200,g,15,0.0,0.0
879,879,2018-10-17,1605,300,b,20,0.0,0.0
880,880,2018-10-17,1605,300,g,26,0.0,0.0
881,881,2018-10-17,1682,186,b,27,0.0,0.0
882,882,2018-10-17,1682,186,g,14,0.0,0.0
883,883,2018-10-18,6,274,b,20,9.0,45.0
884,884,2018-10-18,6,274,g,19,16.0,84.21052631578947
885,885,2018-10-18,514,310,b,45,20.0,44.44444444444444
886,886,2018-10-18,514,310,g,27,11.0,40.74074074074074
887,887,2018-10-18,1606,310,g,7,0.0,0.0
888,888,2018-10-18,1607,310,b,7,0.0,0.0
889,889,2018-10-18,1607,310,g,6,0.0,0.0
890,890,2018-10-18,1713,310,b,18,6.0,33.33333333333333
891,891,2018-10-18,1713,310,g,13,4.0,30.76923076923077
892,892,2018-10-19,44,293,b,507,101.0,19.92110453648915
893,893,2018-10-19,44,293,g,291,29.0,9.965635738831615
894,894,2018-10-19,358,310,b,8,3.0,37.5
895,895,2018-10-19,358,310,g,8,4.0,50.0
896,896,2018-10-19,551,275,g,115,13.0,11.304347826086957
897,897,2018-10-19,644,200,b,92,25.0,27.173913043478258
898,898,2018-10-19,644,200,g,75,21.0,28.000000000000004
899,899,2018-10-19,1461,305,b,162,62.0,38.2716049382716
900,900,2018-10-20,44,293,b,487,136.0,27.92607802874743
901,901,2018-10-20,44,293,g,341,78.0,22.87390029325513
902,902,2018-10-20,515,310,b,41,18.0,43.90243902439025
903,903,2018-10-20,515,310,g,18,2.0,11.11111111111111
904,904,2018-10-20,611,200,b,78,3.0,3.8461538461538463
905,905,2018-10-20,611,200,g,77,1.0,1.2987012987012987
906,906,2018-10-20,702,310,b,72,2.0,2.7777777777777777
907,907,2018-10-20,702,310,g,58,0.0,0.0
908,908,2018-10-20,1119,300,b,383,85.0,22.193211488250654
909,909,2018-10-20,1119,300,g,302,37.0,12.251655629139073
910,910,2018-10-20,1214,310,b,11,2.0,18.181818181818183
911,911,2018-10-20,1214,310,g,11,2.0,18.181818181818183
912,912,2018-10-20,1338,300,b,249,32.0,12.851405622489958
913,913,2018-10-20,1338,300,g,121,21.0,17.355371900826448
914,914,2018-10-20,1462,310,b,7,6.0,85.71428571428571
915,915,2018-10-20,1462,310,g,7,2.0,28.57142857142857
916,916,2018-10-20,1514,310,g,41,16.0,39.02439024390244
917,917,2018-10-20,1539,300,b,7,3.0,42.857142857142854
918,918,2018-10-20,1539,300,g,7,2.0,28.57142857142857
919,919,2018-10-20,1608,300,b,7,0.0,0.0
920,920,2018-10-20,1608,300,g,7,0.0,0.0
921,921,2018-10-20,1609,260,b,121,0.0,0.0
922,922,2018-10-20,1609,260,g,11,0.0,0.0
923,923,2018-10-20,1610,110,g,9,6.0,66.66666666666666
924,924,2018-10-20,1642,300,b,7,0.0,0.0
925,925,2018-10-20,1642,300,g,7,0.0,0.0
926,926,2018-10-20,1654,310,b,7,0.0,0.0
927,927,2018-10-20,1654,310,g,5,0.0,0.0
928,928,2018-10-20,1697,310,b,11,6.0,54.54545454545454
929,929,2018-10-20,1697,310,g,5,1.0,20.0
930,930,2018-10-22,1732,300,b,1,0.0,0.0
931,931,2018-10-22,1732,300,g,7,0.0,0.0
932,932,2018-10-23,5,295,b,187,80.0,42.780748663101605
933,933,2018-10-23,5,295,g,118,48.0,40.67796610169492
934,934,2018-10-23,61,300,b,59,25.0,42.3728813559322
935,935,2018-10-23,61,300,g,38,19.0,50.0
936,936,2018-10-23,297,300,b,173,0.0,0.0
937,937,2018-10-23,297,300,g,154,0.0,0.0
938,938,2018-10-23,437,305,b,26,20.0,76.92307692307693
939,939,2018-10-23,437,305,g,10,3.0,30.0
940,940,2018-10-23,548,295,b,36,22.0,61.111111111111114
941,941,2018-10-23,548,295,g,21,13.0,61.904761904761905
942,942,2018-10-23,1466,210,b,75,0.0,0.0
943,943,2018-10-23,1466,210,g,14,0.0,0.0
944,944,2018-10-24,6,274,b,20,9.0,45.0
945,945,2018-10-24,6,274,g,9,2.0,22.22222222222222
946,946,2018-10-24,22,218,b,55,18.0,32.72727272727273
947,947,2018-10-24,22,218,g,24,10.0,41.66666666666667
948,948,2018-10-24,101,304,b,41,16.0,39.02439024390244
949,949,2018-10-24,101,304,g,17,6.0,35.294117647058826
950,950,2018-10-24,102,210,b,36,18.0,50.0
951,951,2018-10-24,102,210,g,16,9.0,56.25
952,952,2018-10-24,142,195,b,123,50.0,40.65040650406504
953,953,2018-10-24,142,195,g,62,20.0,32.25806451612903
954,954,2018-10-24,149,295,b,20,8.0,40.0
955,955,2018-10-24,149,295,g,26,5.0,19.230769230769234
956,956,2018-10-24,439,270,b,33,0.0,0.0
957,957,2018-10-24,439,270,g,17,0.0,0.0
958,958,2018-10-24,458,310,b,28,9.0,32.142857142857146
959,959,2018-10-24,458,310,g,9,7.0,77.77777777777779
960,960,2018-10-24,1030,310,b,37,19.0,51.35135135135135
961,961,2018-10-24,1030,310,g,7,3.0,42.857142857142854
962,962,2018-10-24,1031,250,g,9,3.0,33.33333333333333
963,963,2018-10-24,1037,100,b,144,84.0,58.333333333333336
964,964,2018-10-24,1037,100,g,65,34.0,52.307692307692314
965,965,2018-10-24,1048,310,b,23,0.0,0.0
966,966,2018-10-24,1048,310,g,12,0.0,0.0
967,967,2018-10-24,1129,300,b,11,7.0,63.63636363636363
968,968,2018-10-24,1129,300,g,8,6.0,75.0
969,969,2018-10-24,1130,200,b,27,19.0,70.37037037037037
970,970,2018-10-24,1130,200,g,5,5.0,100.0
971,971,2018-10-24,1416,200,b,43,33.0,76.74418604651163
972,972,2018-10-24,1416,200,g,28,20.0,71.42857142857143
973,973,2018-10-24,1475,300,b,35,20.0,57.14285714285714
974,974,2018-10-24,1475,300,g,29,20.0,68.96551724137932
975,975,2018-10-24,1568,200,b,15,10.0,66.66666666666666
976,976,2018-10-24,1568,200,g,19,14.0,73.68421052631578
977,977,2018-10-24,1569,300,b,16,10.0,62.5
978,978,2018-10-24,1569,300,g,14,8.0,57.14285714285714
979,979,2018-10-24,1582,310,b,9,2.0,22.22222222222222
980,980,2018-10-24,1582,310,g,7,3.0,42.857142857142854
981,981,2018-10-24,1604,200,b,29,17.0,58.620689655172406
982,982,2018-10-24,1604,200,g,6,4.0,66.66666666666666
983,983,2018-10-24,1615,300,b,7,0.0,0.0
984,984,2018-10-24,1615,300,g,7,0.0,0.0
985,985,2018-10-24,1750,200,b,12,0.0,0.0
986,986,2018-10-24,1750,200,g,2,0.0,0.0
987,987,2018-10-24,1751,300,b,6,0.0,0.0
988,988,2018-10-24,1751,300,g,1,0.0,0.0
989,989,2018-10-24,1756,310,b,6,4.0,66.66666666666666
990,990,2018-10-24,1756,310,g,7,1.0,14.285714285714285
991,991,2018-10-24,1765,300,b,10,0.0,0.0
992,992,2018-10-24,1765,300,g,1,0.0,0.0
993,993,2018-10-25,1,210,b,163,120.0,73.61963190184049
994,994,2018-10-25,1,210,g,131,80.0,61.06870229007634
995,995,2018-10-25,167,300,b,21,7.0,33.33333333333333
996,996,2018-10-25,167,300,g,19,3.0,15.789473684210526
997,997,2018-10-25,223,200,b,11,11.0,100.0
998,998,2018-10-25,223,200,g,10,7.0,70.0
999,999,2018-10-25,224,310,b,18,10.0,55.55555555555556
1000,1000,2018-10-25,224,310,g,4,4.0,100.0
1001,1001,2018-10-25,427,310,b,41,16.0,39.02439024390244
1002,1002,2018-10-25,427,310,g,21,11.0,52.38095238095239
1003,1003,2018-10-25,459,186,b,41,23.0,56.09756097560976
1004,1004,2018-10-25,459,186,g,40,22.0,55.00000000000001
1005,1005,2018-10-25,461,200,b,12,0.0,0.0
1006,1006,2018-10-25,461,200,g,5,0.0,0.0
1007,1007,2018-10-25,551,275,g,7,4.0,57.14285714285714
1008,1008,2018-10-25,591,310,b,58,6.0,10.344827586206897
1009,1009,2018-10-25,591,310,g,38,3.0,7.894736842105263
1010,1010,2018-10-25,592,200,b,55,0.0,0.0
1011,1011,2018-10-25,592,200,g,32,0.0,0.0
1012,1012,2018-10-25,629,310,b,10,0.0,0.0
1013,1013,2018-10-25,629,310,g,6,0.0,0.0
1014,1014,2018-10-25,655,300,b,30,6.0,20.0
1015,1015,2018-10-25,655,300,g,8,1.0,12.5
1016,1016,2018-10-25,976,300,b,9,5.0,55.55555555555556
1017,1017,2018-10-25,976,300,g,7,3.0,42.857142857142854
1018,1018,2018-10-25,1082,200,b,26,16.0,61.53846153846154
1019,1019,2018-10-25,1082,200,g,6,2.0,33.33333333333333
1020,1020,2018-10-25,1514,310,g,36,22.0,61.111111111111114
1021,1021,2018-10-25,1610,110,g,7,4.0,57.14285714285714
1022,1022,2018-10-25,1616,300,b,72,0.0,0.0
1023,1023,2018-10-25,1616,300,g,48,0.0,0.0
1024,1024,2018-10-25,1617,300,b,38,0.0,0.0
1025,1025,2018-10-25,1617,300,g,34,0.0,0.0
1026,1026,2018-10-25,1697,310,b,7,7.0,100.0
1027,1027,2018-10-25,1697,310,g,6,2.0,33.33333333333333
1028,1028,2018-10-26,59,300,b,281,88.0,31.316725978647685
1029,1029,2018-10-26,59,300,g,197,51.0,25.888324873096447
1030,1030,2018-10-26,358,310,b,7,4.0,57.14285714285714
1031,1031,2018-10-26,358,310,g,7,6.0,85.71428571428571
1032,1032,2018-10-26,555,310,b,88,41.0,46.590909090909086
1033,1033,2018-10-26,556,254,g,54,23.0,42.592592592592595
1034,1034,2018-10-26,655,300,b,72,25.0,34.72222222222222
1035,1035,2018-10-26,655,300,g,54,10.0,18.51851851851852
1036,1036,2018-10-26,853,300,b,58,8.0,13.793103448275861
1037,1037,2018-10-26,853,300,g,38,1.0,2.631578947368421
1038,1038,2018-10-26,906,310,b,41,34.0,82.92682926829268
1039,1039,2018-10-26,906,310,g,39,23.0,58.97435897435898
1040,1040,2018-10-26,975,190,b,75,28.0,37.333333333333336
1041,1041,2018-10-26,975,190,g,76,23.0,30.263157894736842
1042,1042,2018-10-26,1132,301,b,170,112.0,65.88235294117646
1043,1043,2018-10-26,1132,301,g,118,89.0,75.42372881355932
1044,1044,2018-10-26,1663,275,g,1,0.0,0.0
1045,1045,2018-10-26,1664,300,g,7,0.0,0.0
1046,1046,2018-10-27,8,300,b,21,13.0,61.904761904761905
1047,1047,2018-10-27,8,300,g,17,9.0,52.94117647058824
1048,1048,2018-10-27,101,304,b,47,17.0,36.17021276595745
1049,1049,2018-10-27,102,210,b,99,71.0,71.71717171717171
1050,1050,2018-10-27,102,210,g,57,19.0,33.33333333333333
1051,1051,2018-10-27,158,230,b,19,7.0,36.84210526315789
1052,1052,2018-10-27,158,230,g,7,3.0,42.857142857142854
1053,1053,2018-10-27,160,310,b,19,10.0,52.63157894736842
1054,1054,2018-10-27,160,310,g,16,6.0,37.5
1055,1055,2018-10-27,235,300,b,10,5.0,50.0
1056,1056,2018-10-27,235,300,g,33,5.0,15.151515151515152
1057,1057,2018-10-27,317,300,b,55,13.0,23.636363636363637
1058,1058,2018-10-27,317,300,g,49,10.0,20.408163265306122
1059,1059,2018-10-27,773,310,b,7,2.0,28.57142857142857
1060,1060,2018-10-27,773,310,g,8,0.0,0.0
1061,1061,2018-10-27,1002,300,b,74,30.0,40.54054054054054
1062,1062,2018-10-27,1002,300,g,49,10.0,20.408163265306122
1063,1063,2018-10-27,1110,310,b,7,4.0,57.14285714285714
1064,1064,2018-10-27,1110,310,g,7,5.0,71.42857142857143
1065,1065,2018-10-27,1332,310,g,11,4.0,36.36363636363637
1066,1066,2018-10-27,1337,200,b,45,17.0,37.77777777777778
1067,1067,2018-10-27,1337,200,g,22,1.0,4.545454545454546
1068,1068,2018-10-27,1539,300,b,14,8.0,57.14285714285714
1069,1069,2018-10-27,1539,300,g,14,8.0,57.14285714285714
1070,1070,2018-10-27,1618,287,g,56,0.0,0.0
1071,1071,2018-10-27,1643,300,b,7,0.0,0.0
1072,1072,2018-10-27,1643,300,g,7,0.0,0.0
1073,1073,2018-10-27,1653,310,b,7,4.0,57.14285714285714
1074,1074,2018-10-27,1653,310,g,7,5.0,71.42857142857143
1075,1075,2018-10-27,1683,310,b,19,0.0,0.0
1076,1076,2018-10-27,1683,310,g,9,0.0,0.0
1077,1077,2018-10-28,1514,310,g,7,0.0,0.0
1078,1078,2018-10-29,5,295,b,43,18.0,41.86046511627907
1079,1079,2018-10-29,5,295,g,25,11.0,44.0
1080,1080,2018-10-29,47,300,b,22,7.0,31.818181818181817
1081,1081,2018-10-29,47,300,g,9,2.0,22.22222222222222
1082,1082,2018-10-30,5,295,b,348,172.0,49.42528735632184
1083,1083,2018-10-30,5,295,g,184,55.0,29.891304347826086
1084,1084,2018-10-30,47,300,b,66,9.0,13.636363636363635
1085,1085,2018-10-30,47,300,g,24,3.0,12.5
1086,1086,2018-10-30,222,300,b,30,17.0,56.666666666666664
1087,1087,2018-10-30,222,300,g,6,3.0,50.0
1088,1088,2018-10-30,366,300,b,146,78.0,53.42465753424658
1089,1089,2018-10-30,366,300,g,126,75.0,59.523809523809526
1090,1090,2018-10-30,382,300,b,35,13.0,37.142857142857146
1091,1091,2018-10-30,382,300,g,17,3.0,17.647058823529413
1092,1092,2018-10-30,1018,300,b,159,54.0,33.9622641509434
1093,1093,2018-10-30,1018,300,g,99,22.0,22.22222222222222
1094,1094,2018-10-30,1475,300,b,35,8.0,22.857142857142858
1095,1095,2018-10-30,1475,300,g,31,8.0,25.806451612903224
1096,1096,2018-10-30,1562,295,b,104,75.0,72.11538461538461
1097,1097,2018-10-30,1562,295,g,68,51.0,75.0
1098,1098,2018-10-30,1635,300,b,23,13.0,56.52173913043478
1099,1099,2018-10-30,1635,300,g,19,12.0,63.1578947368421
1100,1100,2018-10-31,5,295,b,362,150.0,41.43646408839779
1101,1101,2018-10-31,5,295,g,134,33.0,24.62686567164179
1102,1102,2018-10-31,119,300,b,90,30.0,33.33333333333333
1103,1103,2018-10-31,119,300,g,71,16.0,22.535211267605636
1104,1104,2018-10-31,132,300,b,22,12.0,54.54545454545454
1105,1105,2018-10-31,132,300,g,20,5.0,25.0
1106,1106,2018-10-31,133,200,b,54,38.0,70.37037037037037
1107,1107,2018-10-31,133,200,g,14,10.0,71.42857142857143
1108,1108,2018-10-31,184,300,b,38,9.0,23.684210526315788
1109,1109,2018-10-31,184,300,g,9,1.0,11.11111111111111
1110,1110,2018-10-31,194,300,b,154,58.0,37.66233766233766
1111,1111,2018-10-31,194,300,g,61,18.0,29.508196721311474
1112,1112,2018-10-31,215,300,b,16,11.0,68.75
1113,1113,2018-10-31,215,300,g,46,12.0,26.08695652173913
1114,1114,2018-10-31,255,300,b,29,9.0,31.03448275862069
1115,1115,2018-10-31,255,300,g,18,7.0,38.88888888888889
1116,1116,2018-10-31,320,200,b,14,2.0,14.285714285714285
1117,1117,2018-10-31,320,200,g,10,0.0,0.0
1118,1118,2018-10-31,437,305,b,54,11.0,20.37037037037037
1119,1119,2018-10-31,437,305,g,25,3.0,12.0
1120,1120,2018-10-31,1018,300,b,127,38.0,29.92125984251969
1121,1121,2018-10-31,1018,300,g,100,21.0,21.0
1122,1122,2018-10-31,1030,310,b,31,5.0,16.129032258064516
1123,1123,2018-10-31,1031,250,g,8,1.0,12.5
1124,1124,2018-10-31,1454,300,b,94,47.0,50.0
1125,1125,2018-10-31,1454,300,g,60,21.0,35.0
1126,1126,2018-10-31,1652,300,b,33,0.0,0.0
1127,1127,2018-10-31,1652,300,g,23,0.0,0.0
1128,1128,2018-10-31,1756,310,g,6,0.0,0.0
1129,1129,2018-11-01,173,300,b,118,62.0,52.54237288135594
1130,1130,2018-11-01,173,300,g,97,42.0,43.29896907216495
1131,1131,2018-11-01,191,300,b,29,8.0,27.586206896551722
1132,1132,2018-11-01,191,300,g,19,4.0,21.052631578947366
1133,1133,2018-11-01,198,300,b,12,7.0,58.333333333333336
1134,1134,2018-11-01,198,300,g,14,5.0,35.714285714285715
1135,1135,2018-11-01,218,300,b,36,18.0,50.0
1136,1136,2018-11-01,218,300,g,17,9.0,52.94117647058824
1137,1137,2018-11-01,220,300,b,90,28.0,31.11111111111111
1138,1138,2018-11-01,220,300,g,77,17.0,22.07792207792208
1139,1139,2018-11-01,565,300,b,28,12.0,42.857142857142854
1140,1140,2018-11-01,565,300,g,14,5.0,35.714285714285715
1141,1141,2018-11-01,596,300,b,178,56.0,31.46067415730337
1142,1142,2018-11-01,596,300,g,143,37.0,25.874125874125873
1143,1143,2018-11-01,906,310,b,15,0.0,0.0
1144,1144,2018-11-01,906,310,g,16,0.0,0.0
1145,1145,2018-11-01,976,300,b,7,2.0,28.57142857142857
1146,1146,2018-11-01,976,300,g,6,4.0,66.66666666666666
1147,1147,2018-11-01,1082,200,b,30,18.0,60.0
1148,1148,2018-11-01,1082,200,g,6,2.0,33.33333333333333
1149,1149,2018-11-01,1119,300,b,32,0.0,0.0
1150,1150,2018-11-01,1119,300,g,24,0.0,0.0
1151,1151,2018-11-02,5,295,b,48,18.0,37.5
1152,1152,2018-11-02,5,295,g,26,6.0,23.076923076923077
1153,1153,2018-11-02,551,275,g,7,2.0,28.57142857142857
1154,1154,2018-11-02,637,310,b,68,31.0,45.588235294117645
1155,1155,2018-11-02,637,310,g,44,24.0,54.54545454545454
1156,1156,2018-11-02,655,300,b,68,25.0,36.76470588235294
1157,1157,2018-11-02,655,300,g,26,5.0,19.230769230769234
1158,1158,2018-11-02,857,310,b,38,0.0,0.0
1159,1159,2018-11-02,858,240,g,38,0.0,0.0
1160,1160,2018-11-02,977,310,b,22,2.0,9.090909090909092
1161,1161,2018-11-02,1132,301,b,39,10.0,25.64102564102564
1162,1162,2018-11-02,1132,301,g,34,11.0,32.35294117647059
1163,1163,2018-11-02,1616,300,b,37,7.0,18.91891891891892
1164,1164,2018-11-02,1616,300,g,26,8.0,30.76923076923077
1165,1165,2018-11-02,1620,310,b,26,0.0,0.0
1166,1166,2018-11-02,1620,310,g,22,0.0,0.0
1167,1167,2018-11-02,1621,120,g,10,0.0,0.0
1168,1168,2018-11-02,1622,200,g,10,0.0,0.0
1169,1169,2018-11-02,1709,310,b,1,0.0,0.0
1170,1170,2018-11-02,1709,310,g,1,0.0,0.0
1171,1171,2018-11-03,5,295,b,192,36.0,18.75
1172,1172,2018-11-03,5,295,g,108,14.0,12.962962962962962
1173,1173,2018-11-03,99,300,b,238,40.0,16.80672268907563
1174,1174,2018-11-03,99,300,g,167,17.0,10.179640718562874
1175,1175,2018-11-03,100,200,b,298,44.0,14.76510067114094
1176,1176,2018-11-03,100,200,g,165,23.0,13.939393939393941
1177,1177,2018-11-03,123,200,b,112,65.0,58.03571428571429
1178,1178,2018-11-03,123,200,g,66,31.0,46.96969696969697
1179,1179,2018-11-03,147,300,b,20,7.0,35.0
1180,1180,2018-11-03,147,300,g,22,7.0,31.818181818181817
1181,1181,2018-11-03,337,310,b,239,0.0,0.0
1182,1182,2018-11-03,337,310,g,137,0.0,0.0
1183,1183,2018-11-03,360,310,b,1,0.0,0.0
1184,1184,2018-11-03,360,310,g,7,0.0,0.0
1185,1185,2018-11-03,1338,300,b,28,7.0,25.0
1186,1186,2018-11-03,1338,300,g,22,8.0,36.36363636363637
1187,1187,2018-11-03,1360,310,g,7,5.0,71.42857142857143
1188,1188,2018-11-03,1484,300,b,8,0.0,0.0
1189,1189,2018-11-03,1484,300,g,9,7.0,77.77777777777779
1190,1190,2018-11-03,1511,200,g,6,3.0,50.0
1191,1191,2018-11-03,1512,310,g,22,14.0,63.63636363636363
1192,1192,2018-11-03,1524,200,b,25,0.0,0.0
1193,1193,2018-11-03,1524,200,g,17,0.0,0.0
1194,1194,2018-11-03,1645,310,b,10,4.0,40.0
1195,1195,2018-11-03,1645,310,g,7,3.0,42.857142857142854
1196,1196,2018-11-03,1698,310,b,1,0.0,0.0
1197,1197,2018-11-03,1698,310,g,6,0.0,0.0
1198,1198,2018-11-06,9,310,b,14,7.0,50.0
1199,1199,2018-11-06,9,310,g,16,5.0,31.25
1200,1200,2018-11-06,134,210,b,2,0.0,0.0
1201,1201,2018-11-06,134,210,g,9,2.0,22.22222222222222
1202,1202,2018-11-06,709,260,b,41,22.0,53.65853658536586
1203,1203,2018-11-06,709,260,g,17,11.0,64.70588235294117
1204,1204,2018-11-07,68,310,b,25,11.0,44.0
1205,1205,2018-11-07,68,310,g,11,5.0,45.45454545454545
1206,1206,2018-11-07,813,300,b,20,13.0,65.0
1207,1207,2018-11-07,813,300,g,17,12.0,70.58823529411765
1208,1208,2018-11-07,1030,310,b,42,21.0,50.0
1209,1209,2018-11-07,1030,310,g,6,4.0,66.66666666666666
1210,1210,2018-11-07,1031,250,g,9,4.0,44.44444444444444
1211,1211,2018-11-07,1159,310,b,30,10.0,33.33333333333333
1212,1212,2018-11-07,1159,310,g,27,5.0,18.51851851851852
1213,1213,2018-11-07,1544,300,b,16,4.0,25.0
1214,1214,2018-11-07,1544,300,g,11,5.0,45.45454545454545
1215,1215,2018-11-07,1623,300,b,39,0.0,0.0
1216,1216,2018-11-07,1623,300,g,37,0.0,0.0
1217,1217,2018-11-08,9,310,b,23,9.0,39.130434782608695
1218,1218,2018-11-08,9,310,g,15,5.0,33.33333333333333
1219,1219,2018-11-08,581,300,b,43,8.0,18.6046511627907
1220,1220,2018-11-08,581,300,g,30,7.0,23.333333333333332
1221,1221,2018-11-09,9,310,b,16,3.0,18.75
1222,1222,2018-11-09,9,310,g,23,9.0,39.130434782608695
1223,1223,2018-11-09,309,310,b,95,51.0,53.68421052631579
1224,1224,2018-11-09,310,250,g,63,31.0,49.2063492063492
1225,1225,2018-11-09,1119,300,b,143,28.0,19.58041958041958
1226,1226,2018-11-09,1119,300,g,133,30.0,22.55639097744361
1227,1227,2018-11-10,316,310,b,67,23.0,34.32835820895522
1228,1228,2018-11-10,316,310,g,65,26.0,40.0
1229,1229,2018-11-10,784,310,g,2,1.0,50.0
1230,1230,2018-11-10,1119,300,b,183,71.0,38.79781420765027
1231,1231,2018-11-10,1119,300,g,189,64.0,33.86243386243386
1232,1232,2018-11-10,1128,310,b,8,1.0,12.5
1233,1233,2018-11-10,1128,310,g,1,0.0,0.0
1234,1234,2018-11-10,1517,310,g,7,4.0,57.14285714285714
1235,1235,2018-11-10,1708,310,g,1,1.0,100.0
1236,1236,2018-11-11,776,310,b,47,14.0,29.78723404255319
1237,1237,2018-11-11,776,310,g,39,5.0,12.82051282051282
1238,1238,2018-11-15,9,310,b,61,29.0,47.540983606557376
1239,1239,2018-11-15,9,310,g,63,25.0,39.682539682539684
1240,1240,2018-11-17,101,304,b,81,38.0,46.913580246913575
1241,1241,2018-11-17,101,304,g,67,9.0,13.432835820895523
1242,1242,2018-11-17,988,310,b,7,0.0,0.0
1243,1243,2018-11-17,988,310,g,7,0.0,0.0
1244,1244,2018-11-17,1119,300,b,267,164.0,61.42322097378277
1245,1245,2018-11-17,1119,300,g,282,154.0,54.60992907801418
1246,1246,2018-11-17,1474,296,b,68,29.0,42.64705882352941
1247,1247,2018-11-17,1474,296,g,68,13.0,19.11764705882353
1248,1248,2018-11-18,8,300,b,137,53.0,38.68613138686132
1249,1249,2018-11-18,8,300,g,128,47.0,36.71875
1250,1250,2018-11-20,1338,300,b,81,34.0,41.9753086419753
1251,1251,2018-11-20,1338,300,g,47,16.0,34.04255319148936
1252,1252,2018-11-24,9,310,b,296,136.0,45.94594594594595
1253,1253,2018-11-24,9,310,g,326,118.0,36.19631901840491
1254,1254,2018-11-24,957,310,b,7,0.0,0.0
1255,1255,2018-11-24,1181,310,b,6,4.0,66.66666666666666
1256,1256,2018-11-24,1181,310,g,1,0.0,0.0
1257,1257,2018-12-01,84,310,b,13,2.0,15.384615384615385
1258,1258,2018-12-01,84,310,g,5,0.0,0.0
1259,1259,2018-12-01,1006,310,b,14,3.0,21.428571428571427
1260,1260,2018-12-01,1006,310,g,7,4.0,57.14285714285714
1261,1261,2018-12-08,1584,310,b,1,0.0,0.0
1262,1262,2018-12-08,1584,310,g,1,0.0,0.0
